bin,left,right,data,expected
0,-6.0,-5.989997289485094,0.0,0.08174439022788249
1,-5.989997289485094,-5.97999457897019,0.0,0.0836489815037611
2,-5.97999457897019,-5.969991868455284,0.0,0.08559794906493945
3,-5.969991868455284,-5.959989157940379,0.0,0.08759232551591278
4,-5.959989157940379,-5.949986447425474,1.0,0.08963317033771734
5,-5.949986447425474,-5.939983736910569,0.0,0.0917215652137493
6,-5.939983736910569,-5.929981026395663,0.0,0.09385861831443076
7,-5.929981026395663,-5.919978315880758,0.0,0.09604546273914938
8,-5.919978315880758,-5.909975605365853,0.0,0.09828326002189414
9,-5.909975605365853,-5.899972894850948,0.0,0.10057319584658941
10,-5.899972894850948,-5.889970184336042,0.0,0.10291648627933636
11,-5.889970184336042,-5.879967473821138,1.0,0.10531437309423186
12,-5.879967473821138,-5.869964763306232,0.0,0.10776812922657975
13,-5.869964763306232,-5.859962052791327,0.0,0.11027905643580027
14,-5.859962052791327,-5.849959342276422,0.0,0.1128484860844603
15,-5.849959342276422,-5.839956631761517,0.0,0.11547778225439398
16,-5.839956631761517,-5.829953921246611,0.0,0.11816833863058207
17,-5.829953921246611,-5.819951210731706,0.0,0.12092158356484806
18,-5.819951210731706,-5.809948500216801,0.0,0.12373897734925254
19,-5.809948500216801,-5.799945789701896,0.0,0.1266220137741536
20,-5.799945789701896,-5.78994307918699,0.0,0.1295722232443275
21,-5.78994307918699,-5.779940368672086,0.0,0.13259117083139316
22,-5.779940368672086,-5.76993765815718,0.0,0.13568045744235757
23,-5.76993765815718,-5.759934947642275,0.0,0.1388417225462213
24,-5.759934947642275,-5.74993223712737,0.0,0.14207664261591813
25,-5.74993223712737,-5.739929526612465,1.0,0.14538693424443583
26,-5.739929526612465,-5.729926816097559,0.0,0.14877435336578593
27,-5.729926816097559,-5.719924105582654,0.0,0.15224069681306407
28,-5.719924105582654,-5.709921395067749,0.0,0.15578780348699528
29,-5.709921395067749,-5.699918684552843,0.0,0.15941755552447923
30,-5.699918684552843,-5.689915974037938,0.0,0.16313187790907513
31,-5.689915974037938,-5.679913263523034,0.0,0.16693274158712246
32,-5.679913263523034,-5.669910553008128,2.0,0.17082216268871075
33,-5.669910553008128,-5.659907842493222,0.0,0.17480220408574
34,-5.659907842493222,-5.649905131978318,0.0,0.17887497811852615
35,-5.649905131978318,-5.639902421463412,0.0,0.18304264425871075
36,-5.639902421463412,-5.629899710948507,0.0,0.18730741456247202
37,-5.629899710948507,-5.6198970004336015,0.0,0.1916715505544042
38,-5.6198970004336015,-5.609894289918697,0.0,0.19613736751218358
39,-5.609894289918697,-5.599891579403791,0.0,0.20070723524559853
40,-5.599891579403791,-5.589888868888886,0.0,0.20538357731751944
41,-5.589888868888886,-5.579886158373981,0.0,0.21016887493904957
42,-5.579886158373981,-5.569883447859076,1.0,0.21506566580097974
43,-5.569883447859076,-5.55988073734417,0.0,0.22007654835845436
44,-5.55988073734417,-5.549878026829266,0.0,0.22520418144145626
45,-5.549878026829266,-5.53987531631436,0.0,0.2304512834757766
46,-5.53987531631436,-5.529872605799455,0.0,0.23582063988380142
47,-5.529872605799455,-5.5198698952845495,1.0,0.24131509802081563
48,-5.5198698952845495,-5.509867184769645,1.0,0.24693757262821414
49,-5.509867184769645,-5.499864474254739,0.0,0.25269104661253206
50,-5.499864474254739,-5.489861763739834,0.0,0.25857857221398994
51,-5.489861763739834,-5.479859053224929,1.0,0.2646032725645542
52,-5.479859053224929,-5.469856342710024,1.0,0.2707683440250275
53,-5.469856342710024,-5.459853632195118,1.0,0.27707705657456394
54,-5.459853632195118,-5.449850921680214,1.0,0.2835327569267898
55,-5.449850921680214,-5.439848211165308,0.0,0.29013887086689394
56,-5.439848211165308,-5.429845500650403,0.0,0.2968989009145373
57,-5.429845500650403,-5.4198427901354975,1.0,0.30381643528269997
58,-5.4198427901354975,-5.409840079620593,0.0,0.3108951424244699
59,-5.409840079620593,-5.399837369105687,0.0,0.3181387772652844
60,-5.399837369105687,-5.389834658590782,0.0,0.32555118315050535
61,-5.389834658590782,-5.379831948075877,0.0,0.33313629262444966
62,-5.379831948075877,-5.369829237560971,1.0,0.3408981285989343
63,-5.369829237560971,-5.359826527046066,0.0,0.3488408086379424
64,-5.359826527046066,-5.349823816531162,0.0,0.35696854690519864
65,-5.349823816531162,-5.339821106016256,0.0,0.3652856549431993
66,-5.339821106016256,-5.32981839550135,0.0,0.37379654439981813
67,-5.32981839550135,-5.3198156849864455,1.0,0.3825057305339419
68,-5.3198156849864455,-5.30981297447154,0.0,0.3914178329945006
69,-5.30981297447154,-5.299810263956635,0.0,0.4005375804946487
70,-5.299810263956635,-5.2898075534417295,0.0,0.4098698100327347
71,-5.2898075534417295,-5.279804842926825,2.0,0.41941947234551247
72,-5.279804842926825,-5.269802132411919,1.0,0.4291916334662016
73,-5.269802132411919,-5.259799421897014,0.0,0.4391914778406081
74,-5.259799421897014,-5.249796711382109,0.0,0.4494243094956696
75,-5.249796711382109,-5.239794000867204,1.0,0.45989555710315155
76,-5.239794000867204,-5.229791290352298,0.0,0.4706107755377076
77,-5.229791290352298,-5.2197885798373935,1.0,0.481575648603485
78,-5.2197885798373935,-5.209785869322488,0.0,0.49279599409782104
79,-5.209785869322488,-5.199783158807583,0.0,0.5042777630322126
80,-5.199783158807583,-5.1897804482926775,0.0,0.5160270466435879
81,-5.1897804482926775,-5.179777737777773,0.0,0.5280500775628516
82,-5.179777737777773,-5.169775027262867,0.0,0.5403532340995509
83,-5.169775027262867,-5.159772316747962,1.0,0.5529430425789661
84,-5.159772316747962,-5.149769606233057,2.0,0.5658261820162913
85,-5.149769606233057,-5.139766895718152,0.0,0.5790094860642103
86,-5.139766895718152,-5.129764185203246,1.0,0.5924999484661075
87,-5.129764185203246,-5.1197614746883415,1.0,0.6063047257826737
88,-5.1197614746883415,-5.109758764173436,0.0,0.6204311408975416
89,-5.109758764173436,-5.099756053658531,1.0,0.6348866873019521
90,-5.099756053658531,-5.0897533431436255,1.0,0.6496790341584502
91,-5.0897533431436255,-5.07975063262872,0.0,0.6648160270799153
92,-5.07975063262872,-5.069747922113815,3.0,0.6803056974779231
93,-5.069747922113815,-5.05974521159891,0.0,0.6961562610046856
94,-5.05974521159891,-5.049742501084005,1.0,0.7123761265118977
95,-5.049742501084005,-5.039739790569099,1.0,0.728973898387828
96,-5.039739790569099,-5.029737080054194,1.0,0.7459583800629543
97,-5.029737080054194,-5.0197343695392895,0.0,0.7633385829688111
98,-5.0197343695392895,-5.009731659024384,1.0,0.7811237261484738
99,-5.009731659024384,-4.999728948509478,1.0,0.7993232436573461
100,-4.999728948509478,-4.9897262379945735,0.0,0.8179467900163706
101,-4.9897262379945735,-4.979723527479669,1.0,0.8370042448862103
102,-4.979723527479669,-4.969720816964763,0.0,0.8565057169623991
103,-4.969720816964763,-4.9597181064498574,3.0,0.8764615521551589
104,-4.9597181064498574,-4.949715395934953,0.0,0.8968823347579447
105,-4.949715395934953,-4.939712685420047,5.0,0.9177788991328972
106,-4.939712685420047,-4.929709974905142,1.0,0.9391623285422979
107,-4.929709974905142,-4.919707264390237,1.0,0.9610439676130511
108,-4.919707264390237,-4.909704553875332,1.0,0.9834354223366848
109,-4.909704553875332,-4.899701843360426,0.0,1.0063485713652875
110,-4.899701843360426,-4.8896991328455215,1.0,1.0297955691276295
111,-4.8896991328455215,-4.879696422330616,0.0,1.053788853619464
112,-4.879696422330616,-4.869693711815711,0.0,1.0783411514672236
113,-4.869693711815711,-4.8596910013008054,1.0,1.1034654876658978
114,-4.8596910013008054,-4.849688290785901,1.0,1.1291751886951529
115,-4.849688290785901,-4.839685580270995,2.0,1.1554838926467248
116,-4.839685580270995,-4.82968286975609,0.0,1.1824055562356905
117,-4.82968286975609,-4.819680159241185,1.0,1.209954458306104
118,-4.819680159241185,-4.80967744872628,1.0,1.2381452138535387
119,-4.80967744872628,-4.799674738211374,0.0,1.266992775972664
120,-4.799674738211374,-4.789672027696469,2.0,1.296512447153182
121,-4.789672027696469,-4.779669317181564,2.0,1.3267198855120688
122,-4.779669317181564,-4.769666606666659,2.0,1.3576311156999976
123,-4.769666606666659,-4.7596638961517534,2.0,1.3892625335755193
124,-4.7596638961517534,-4.749661185636848,0.0,1.421630917890515
125,-4.749661185636848,-4.739658475121943,2.0,1.4547534392490435
126,-4.739658475121943,-4.729655764607038,0.0,1.488647665950067
127,-4.729655764607038,-4.719653054092133,3.0,1.5233315783995094
128,-4.719653054092133,-4.709650343577227,4.0,1.5588235730054079
129,-4.709650343577227,-4.699647633062322,1.0,1.5951424769794853
130,-4.699647633062322,-4.6896449225474175,0.0,1.6323075553484223
131,-4.6896449225474175,-4.679642212032512,3.0,1.6703385210812494
132,-4.679642212032512,-4.669639501517606,4.0,1.7092555479433447
133,-4.669639501517606,-4.6596367910027015,2.0,1.749079278676251
134,-4.6596367910027015,-4.649634080487797,0.0,1.7898308366831284
135,-4.649634080487797,-4.639631369972891,1.0,1.8315318381037216
136,-4.639631369972891,-4.629628659457985,1.0,1.8742044023312676
137,-4.629628659457985,-4.619625948943081,1.0,1.9178711644769786
138,-4.619625948943081,-4.609623238428175,1.0,1.9625552858869488
139,-4.609623238428175,-4.59962052791327,1.0,2.0082804685542133
140,-4.59962052791327,-4.589617817398365,3.0,2.05507096602517
141,-4.589617817398365,-4.57961510688346,2.0,2.1029515970326074
142,-4.57961510688346,-4.569612396368554,0.0,2.1519477579601887
143,-4.569612396368554,-4.5596096858536495,1.0,2.2020854376440235
144,-4.5596096858536495,-4.549606975338744,2.0,2.2533912294476366
145,-4.549606975338744,-4.539604264823839,4.0,2.305892347232086
146,-4.539604264823839,-4.529601554308933,4.0,2.3596166378204453
147,-4.529601554308933,-4.519598843794029,1.0,2.414592596967924
148,-4.519598843794029,-4.509596133279123,1.0,2.4708493845529533
149,-4.509596133279123,-4.499593422764218,5.0,2.528416838599732
150,-4.499593422764218,-4.489590712249313,1.0,2.587325494364463
151,-4.489590712249313,-4.479588001734408,1.0,2.6476065956312933
152,-4.479588001734408,-4.469585291219502,1.0,2.709292116914672
153,-4.469585291219502,-4.459582580704597,1.0,2.7724147739762595
154,-4.459582580704597,-4.449579870189692,3.0,2.8370080483643756
155,-4.449579870189692,-4.439577159674787,3.0,2.9031061987099394
156,-4.439577159674787,-4.429574449159881,4.0,2.970744283318343
157,-4.429574449159881,-4.419571738644976,9.0,3.03995817536054
158,-4.419571738644976,-4.409569028130071,3.0,3.110784585854436
159,-4.409569028130071,-4.399566317615166,1.0,3.183261079245492
160,-4.399566317615166,-4.389563607100261,3.0,3.2574260948300537
161,-4.389563607100261,-4.379560896585355,1.0,3.3333189685681974
162,-4.379560896585355,-4.36955818607045,3.0,3.410979951780453
163,-4.36955818607045,-4.3595554755555455,4.0,3.490450232571134
164,-4.3595554755555455,-4.34955276504064,7.0,3.5717719595887587
165,-4.34955276504064,-4.339550054525734,3.0,3.654988263838894
166,-4.339550054525734,-4.329547344010829,5.0,3.740143277770396
167,-4.329547344010829,-4.319544633495925,3.0,3.827282165657584
168,-4.319544633495925,-4.309541922981019,6.0,3.916451140349393
169,-4.309541922981019,-4.299539212466113,6.0,4.007697492872517
170,-4.299539212466113,-4.289536501951209,4.0,4.1010696161918325
171,-4.289536501951209,-4.279533791436303,3.0,4.19661702780227
172,-4.279533791436303,-4.269531080921398,6.0,4.294390400890022
173,-4.269531080921398,-4.259528370406493,7.0,4.394441588092968
174,-4.259528370406493,-4.249525659891588,8.0,4.496823649545751
175,-4.249525659891588,-4.239522949376682,8.0,4.601590880145845
176,-4.239522949376682,-4.229520238861777,3.0,4.708798841493782
177,-4.229520238861777,-4.219517528346872,1.0,4.818504386432609
178,-4.219517528346872,-4.209514817831967,3.0,4.9307656948832745
179,-4.209514817831967,-4.199512107317061,2.0,5.0456422983840765
180,-4.199512107317061,-4.189509396802157,6.0,5.163195117873629
181,-4.189509396802157,-4.179506686287251,9.0,5.283486490567402
182,-4.179506686287251,-4.169503975772346,4.0,5.406580206182623
183,-4.169503975772346,-4.159501265257441,7.0,5.532541541605123
184,-4.159501265257441,-4.149498554742536,4.0,5.661437290492479
185,-4.149498554742536,-4.13949584422763,10.0,5.793335805341648
186,-4.13949584422763,-4.1294931337127245,6.0,5.928307026702595
187,-4.1294931337127245,-4.11949042319782,10.0,6.066422527583013
188,-4.11949042319782,-4.109487712682915,4.0,6.207755544609532
189,-4.109487712682915,-4.099485002168009,3.0,6.352381021653408
190,-4.099485002168009,-4.089482291653104,7.0,6.500375646055425
191,-4.089482291653104,-4.079479581138199,5.0,6.651817891862071
192,-4.079479581138199,-4.069476870623294,8.0,6.806788060335105
193,-4.069476870623294,-4.059474160108389,14.0,6.965368322408705
194,-4.059474160108389,-4.049471449593483,9.0,7.127642760757094
195,-4.049471449593483,-4.039468739078578,7.0,7.2936974184839265
196,-4.039468739078578,-4.029466028563673,6.0,7.46362033963186
197,-4.029466028563673,-4.019463318048768,8.0,7.637501619429998
198,-4.019463318048768,-4.009460607533862,8.0,7.815433449867157
199,-4.009460607533862,-3.9994578970189574,13.0,7.9975101699393125
200,-3.9994578970189574,-3.989455186504052,6.0,8.18382831550753
201,-3.989455186504052,-3.979452475989147,10.0,8.374486667987346
202,-3.979452475989147,-3.9694497654742418,9.0,8.569586309659925
203,-3.9694497654742418,-3.9594470549593366,9.0,8.769230677035607
204,-3.9594470549593366,-3.9494443444444314,6.0,8.973525611880397
205,-3.9494443444444314,-3.939441633929526,9.0,9.182579422369832
206,-3.939441633929526,-3.929438923414621,9.0,9.396502936842058
207,-3.929438923414621,-3.9194362128997158,9.0,9.615409563004125
208,-3.9194362128997158,-3.90943350238481,13.0,9.839415349475376
209,-3.90943350238481,-3.899430791869905,12.0,10.068639045772763
210,-3.899430791869905,-3.8894280813549997,17.0,10.303202164633266
211,-3.8894280813549997,-3.8794253708400945,7.0,10.543229048620969
212,-3.8794253708400945,-3.8694226603251893,9.0,10.788846933228506
213,-3.8694226603251893,-3.859419949810284,14.0,11.040186015431722
214,-3.859419949810284,-3.849417239295379,12.0,11.297379522633829
215,-3.849417239295379,-3.8394145287804737,12.0,11.560563784336196
216,-3.8394145287804737,-3.8294118182655685,8.0,11.829878299134936
217,-3.8294118182655685,-3.8194091077506633,8.0,12.105465816519082
218,-3.8194091077506633,-3.809406397235758,13.0,12.387472405035718
219,-3.809406397235758,-3.799403686720853,10.0,12.676047533309118
220,-3.799403686720853,-3.7894009762059477,14.0,12.971344148333287
221,-3.7894009762059477,-3.7793982656910425,18.0,13.273518755322549
222,-3.7793982656910425,-3.7693955551761373,17.0,13.582731503015344
223,-3.7693955551761373,-3.759392844661232,12.0,13.899146264303862
224,-3.759392844661232,-3.749390134146327,16.0,14.222930726601541
225,-3.749390134146327,-3.7393874236314217,15.0,14.554256478704923
226,-3.7393874236314217,-3.7293847131165165,14.0,14.893299100382134
227,-3.7293847131165165,-3.7193820026016113,17.0,15.240238258583103
228,-3.7193820026016113,-3.709379292086706,14.0,15.59525779702804
229,-3.709379292086706,-3.699376581571801,19.0,15.958545840207954
230,-3.699376581571801,-3.6893738710568957,18.0,16.330294885310224
231,-3.6893738710568957,-3.6793711605419905,18.0,16.71070190933524
232,-3.6793711605419905,-3.6693684500270853,21.0,17.099968470759844
233,-3.6693684500270853,-3.65936573951218,16.0,17.49830081743301
234,-3.65936573951218,-3.649363028997275,14.0,17.90590999174491
235,-3.649363028997275,-3.6393603184823697,11.0,18.323011947481458
236,-3.6393603184823697,-3.6293576079674645,23.0,18.749827659278026
237,-3.6293576079674645,-3.6193548974525593,22.0,19.18658324181108
238,-3.6193548974525593,-3.609352186937654,23.0,19.633510067042206
239,-3.609352186937654,-3.5993494764227485,20.0,20.090844889252466
240,-3.5993494764227485,-3.5893467659078433,24.0,20.558829965792068
241,-3.5893467659078433,-3.579344055392938,21.0,21.03771318873646
242,-3.579344055392938,-3.569341344878033,27.0,21.527748213426328
243,-3.569341344878033,-3.5593386343631277,19.0,22.029194592850278
244,-3.5593386343631277,-3.5493359238482225,26.0,22.54231791436464
245,-3.5493359238482225,-3.5393332133333173,21.0,23.067389938750367
246,-3.5393332133333173,-3.529330502818412,26.0,23.604688746281166
247,-3.529330502818412,-3.519327792303507,27.0,24.154498880065077
248,-3.519327792303507,-3.5093250817886017,31.0,24.717111496786792
249,-3.5093250817886017,-3.4993223712736965,24.0,25.29282452134516
250,-3.4993223712736965,-3.4893196607587913,34.0,25.881942802659204
251,-3.4893196607587913,-3.479316950243886,24.0,26.48477827375884
252,-3.479316950243886,-3.469314239728981,25.0,27.10165011849732
253,-3.469314239728981,-3.4593115292140757,36.0,27.73288493475807
254,-3.4593115292140757,-3.4493088186991705,38.0,28.37881691207354
255,-3.4493088186991705,-3.4393061081842653,33.0,29.039788003011875
256,-3.4393061081842653,-3.42930339766936,30.0,29.71614810624899
257,-3.42930339766936,-3.419300687154455,37.0,30.408255246914052
258,-3.419300687154455,-3.4092979766395497,43.0,31.116475768620433
259,-3.4092979766395497,-3.3992952661246445,41.0,31.841184525107103
260,-3.3992952661246445,-3.3892925556097393,25.0,32.58276507499622
261,-3.3892925556097393,-3.379289845094834,27.0,33.34160988511995
262,-3.379289845094834,-3.369287134579929,26.0,34.11812053852158
263,-3.369287134579929,-3.3592844240650237,27.0,34.91270794167748
264,-3.3592844240650237,-3.3492817135501185,32.0,35.72579254262563
265,-3.3492817135501185,-3.3392790030352133,38.0,36.55780455221012
266,-3.3392790030352133,-3.329276292520308,40.0,37.40918416688381
267,-3.329276292520308,-3.319273582005403,45.0,38.280381803975445
268,-3.319273582005403,-3.3092708714904977,38.0,39.17185833461966
269,-3.3092708714904977,-3.2992681609755925,43.0,40.0840853264249
270,-3.2992681609755925,-3.2892654504606873,34.0,41.01754529276305
271,-3.2892654504606873,-3.279262739945782,43.0,41.97273194128012
272,-3.279262739945782,-3.2692600294308765,48.0,42.95015043720834
273,-3.2692600294308765,-3.2592573189159713,41.0,43.95031766628895
274,-3.2592573189159713,-3.249254608401066,36.0,44.97376250431656
275,-3.249254608401066,-3.239251897886161,40.0,46.02102609603202
276,-3.239251897886161,-3.2292491873712557,44.0,47.09266213674175
277,-3.2292491873712557,-3.2192464768563505,52.0,48.18923716367512
278,-3.2192464768563505,-3.2092437663414453,56.0,49.31133085084726
279,-3.2092437663414453,-3.19924105582654,44.0,50.45953631365998
280,-3.19924105582654,-3.189238345311635,46.0,51.634460417787125
281,-3.189238345311635,-3.1792356347967297,56.0,52.83672409623992
282,-3.1792356347967297,-3.1692329242818245,43.0,54.06696267539107
283,-3.1692329242818245,-3.1592302137669193,59.0,55.325826205283576
284,-3.1592302137669193,-3.149227503252014,48.0,56.613979798898356
285,-3.149227503252014,-3.139224792737109,50.0,57.932103979601706
286,-3.139224792737109,-3.1292220822222037,57.0,59.28089503794112
287,-3.1292220822222037,-3.1192193717072985,59.0,60.66106539116773
288,-3.1192193717072985,-3.1092166611923933,44.0,62.07334395717078
289,-3.1092166611923933,-3.099213950677488,60.0,63.51847653347577
290,-3.099213950677488,-3.089211240162583,64.0,64.9972261859806
291,-3.089211240162583,-3.0792085296476777,72.0,66.51037364587131
292,-3.0792085296476777,-3.0692058191327725,56.0,68.05871771510746
293,-3.0692058191327725,-3.0592031086178673,77.0,69.64307568398213
294,-3.0592031086178673,-3.049200398102962,71.0,71.26428375374591
295,-3.049200398102962,-3.039197687588057,68.0,72.92319747247421
296,-3.039197687588057,-3.0291949770731517,78.0,74.62069217872502
297,-3.0291949770731517,-3.0191922665582465,72.0,76.3576634561029
298,-3.0191922665582465,-3.0091895560433413,77.0,78.13502759872964
299,-3.0091895560433413,-2.999186845528436,59.0,79.95372208489448
300,-2.999186845528436,-2.989184135013531,93.0,81.8147060635586
301,-2.989184135013531,-2.9791814244986257,89.0,83.71896085215525
302,-2.9791814244986257,-2.9691787139837205,96.0,85.66749044256994
303,-2.9691787139837205,-2.959176003468815,85.0,87.66132202270113
304,-2.959176003468815,-2.9491732929539096,106.0,89.70150650659022
305,-2.9491732929539096,-2.9391705824390044,118.0,91.78911907740563
306,-2.9391705824390044,-2.929167871924099,94.0,93.92525974250178
307,-2.929167871924099,-2.919165161409194,96.0,96.11105390211111
308,-2.919165161409194,-2.909162450894289,100.0,98.34765292933206
309,-2.909162450894289,-2.8991597403793836,99.0,100.63623476336053
310,-2.8991597403793836,-2.8891570298644784,117.0,102.97800451713346
311,-2.8891570298644784,-2.879154319349573,95.0,105.37419509471012
312,-2.879154319349573,-2.869151608834668,110.0,107.82606783046654
313,-2.869151608834668,-2.859148898319763,116.0,110.33491313296383
314,-2.859148898319763,-2.8491461878048576,112.0,112.90205114946097
315,-2.8491461878048576,-2.8391434772899524,122.0,115.52883244367099
316,-2.8391434772899524,-2.8291407667750472,128.0,118.21663868753988
317,-2.8291407667750472,-2.819138056260142,114.0,120.96688337055345
318,-2.819138056260142,-2.809135345745237,119.0,123.78101252072985
319,-2.809135345745237,-2.7991326352303316,121.0,126.66050544703522
320,-2.7991326352303316,-2.7891299247154264,146.0,129.6068754954326
321,-2.7891299247154264,-2.7791272142005212,129.0,132.6216708173951
322,-2.7791272142005212,-2.769124503685616,137.0,135.7064751668538
323,-2.769124503685616,-2.759121793170711,137.0,138.86290870026176
324,-2.759121793170711,-2.7491190826558056,143.0,142.09262880665057
325,-2.7491190826558056,-2.7391163721409004,144.0,145.39733094820406
326,-2.7391163721409004,-2.7291136616259952,168.0,148.77874952186556
327,-2.7291136616259952,-2.71911095111109,146.0,152.2386587415897
328,-2.71911095111109,-2.709108240596185,160.0,155.77887353656394
329,-2.709108240596185,-2.6991055300812796,185.0,159.40125047085397
330,-2.6991055300812796,-2.6891028195663744,168.0,163.1076886825245
331,-2.6891028195663744,-2.6791001090514692,163.0,166.9001308457414
332,-2.6791001090514692,-2.669097398536564,161.0,170.78056414728619
333,-2.669097398536564,-2.659094688021659,186.0,174.75102129345245
334,-2.659094688021659,-2.6490919775067536,181.0,178.81358152979632
335,-2.6490919775067536,-2.6390892669918484,197.0,182.97037169010068
336,-2.6390892669918484,-2.629086556476943,200.0,187.2235672624779
337,-2.629086556476943,-2.6190838459620376,213.0,191.5753934811806
338,-2.6190838459620376,-2.6090811354471324,194.0,196.02812644412055
339,-2.6090811354471324,-2.599078424932227,207.0,200.5840942463574
340,-2.599078424932227,-2.589075714417322,210.0,205.24567815020214
341,-2.589075714417322,-2.579073003902417,214.0,210.0153137662268
342,-2.579073003902417,-2.5690702933875116,207.0,214.89549227166765
343,-2.5690702933875116,-2.5590675828726064,214.0,219.8887616475251
344,-2.5590675828726064,-2.549064872357701,229.0,224.9977279425401
345,-2.549064872357701,-2.539062161842796,226.0,230.22505656950057
346,-2.539062161842796,-2.529059451327891,260.0,235.57347361946492
347,-2.529059451327891,-2.5190567408129856,255.0,241.0457672122113
348,-2.5190567408129856,-2.5090540302980804,259.0,246.644788871615
349,-2.5090540302980804,-2.499051319783175,270.0,252.37345492751345
350,-2.499051319783175,-2.48904860926827,263.0,258.23474795184836
351,-2.48904860926827,-2.479045898753365,230.0,264.23171822051563
352,-2.479045898753365,-2.4690431882384596,256.0,270.36748520715605
353,-2.4690431882384596,-2.4590404777235544,297.0,276.6452391073274
354,-2.4590404777235544,-2.449037767208649,282.0,283.0682423957862
355,-2.449037767208649,-2.439035056693744,323.0,289.63983141298246
356,-2.439035056693744,-2.429032346178839,282.0,296.3634179870004
357,-2.429032346178839,-2.4190296356639336,305.0,303.24249108393394
358,-2.4190296356639336,-2.4090269251490284,322.0,310.2806184999405
359,-2.4090269251490284,-2.399024214634123,332.0,317.48144857744404
360,-2.399024214634123,-2.389021504119218,314.0,324.848711963796
361,-2.389021504119218,-2.379018793604313,354.0,332.386223403434
362,-2.379018793604313,-2.3690160830894076,338.0,340.0978835612022
363,-2.3690160830894076,-2.3590133725745024,359.0,347.9876808896863
364,-2.3590133725745024,-2.349010662059597,323.0,356.05969352848956
365,-2.349010662059597,-2.339007951544692,377.0,364.3180912401223
366,-2.339007951544692,-2.329005241029787,392.0,372.7671373887388
367,-2.329005241029787,-2.319002530514881,410.0,381.4111909547093
368,-2.319002530514881,-2.308999819999976,390.0,390.2547085854169
369,-2.308999819999976,-2.2989971094850707,411.0,399.3022466927964
370,-2.2989971094850707,-2.2889943989701655,402.0,408.5584635851502
371,-2.2889943989701655,-2.2789916884552603,422.0,418.02812164220063
372,-2.2789916884552603,-2.268988977940355,436.0,427.71608953026237
373,-2.268988977940355,-2.25898626742545,463.0,437.6273444641563
374,-2.25898626742545,-2.2489835569105447,454.0,447.7669745026221
375,-2.2489835569105447,-2.2389808463956395,451.0,458.14018089553616
376,-2.2389808463956395,-2.2289781358807343,496.0,468.75228047008096
377,-2.2289781358807343,-2.218975425365829,522.0,479.6087080609296
378,-2.218975425365829,-2.208972714850924,494.0,490.7150189863933
379,-2.208972714850924,-2.1989700043360187,502.0,502.0768915697528
380,-2.1989700043360187,-2.1889672938211135,477.0,513.7001297034356
381,-2.1889672938211135,-2.1789645833062083,529.0,525.590665462273
382,-2.1789645833062083,-2.168961872791303,587.0,537.7545617607725
383,-2.168961872791303,-2.158959162276398,572.0,550.1980150586887
384,-2.158959162276398,-2.1489564517614927,536.0,562.9273581117794
385,-2.1489564517614927,-2.1389537412465875,577.0,575.9490627716398
386,-2.1389537412465875,-2.1289510307316823,588.0,589.2697428346162
387,-2.1289510307316823,-2.118948320216777,595.0,602.8961569335655
388,-2.118948320216777,-2.108945609701872,648.0,616.8352114833688
389,-2.108945609701872,-2.0989428991869667,685.0,631.0939636755229
390,-2.0989428991869667,-2.0889401886720615,649.0,645.67962451519
391,-2.0889401886720615,-2.0789374781571563,684.0,660.5995619139466
392,-2.0789374781571563,-2.068934767642251,695.0,675.8613038288868
393,-2.068934767642251,-2.058932057127346,651.0,691.4725414523602
394,-2.058932057127346,-2.0489293466124407,725.0,707.4411324472851
395,-2.0489293466124407,-2.0389266360975355,760.0,723.7751042389397
396,-2.0389266360975355,-2.0289239255826303,807.0,740.4826573476538
397,-2.0289239255826303,-2.018921215067725,808.0,757.5721687795376
398,-2.018921215067725,-2.00891850455282,790.0,775.0521954569404
399,-2.00891850455282,-1.9989157940379148,782.0,792.9314777081172
400,-1.9989157940379148,-1.988913083523009,844.0,811.2189427958451
401,-1.988913083523009,-1.9789103730081044,858.0,829.9237085001838
402,-1.9789103730081044,-1.9689076624931987,862.0,849.055086749145
403,-1.9689076624931987,-1.958904951978294,850.0,868.6225872941568
404,-1.958904951978294,-1.9489022414633883,925.0,888.6359214318813
405,-1.9489022414633883,-1.9388995309484836,939.0,909.1050057766672
406,-1.9388995309484836,-1.928896820433578,974.0,930.0399660750713
407,-1.928896820433578,-1.9188941099186732,983.0,951.4511410632266
408,-1.9188941099186732,-1.9088913994037675,986.0,973.3490863721205
409,-1.9088913994037675,-1.8988886888888628,1013.0,995.7445784741615
410,-1.8988886888888628,-1.888885978373957,1055.0,1018.6486186671398
411,-1.888885978373957,-1.8788832678590524,1108.0,1042.072437104929
412,-1.8788832678590524,-1.8688805573441467,1067.0,1066.0274968601288
413,-1.8688805573441467,-1.858877846829242,1137.0,1090.525498030723
414,-1.858877846829242,-1.8488751363143363,1125.0,1115.5783818736118
415,-1.8488751363143363,-1.8388724257994316,1140.0,1141.1983349806055
416,-1.8388724257994316,-1.828869715284526,1146.0,1167.3977934797326
417,-1.828869715284526,-1.8188670047696203,1205.0,1194.1894472669321
418,-1.8188670047696203,-1.8088642942547155,1255.0,1221.5862442665696
419,-1.8088642942547155,-1.7988615837398099,1274.0,1249.601394714545
420,-1.7988615837398099,-1.788858873224905,1229.0,1278.2483754647717
421,-1.788858873224905,-1.7788561627099995,1305.0,1307.5409343104568
422,-1.7788561627099995,-1.7688534521950947,1282.0,1337.493094326415
423,-1.7688534521950947,-1.758850741680189,1425.0,1368.1191582183942
424,-1.758850741680189,-1.7488480311652843,1445.0,1399.4337126844762
425,-1.7488480311652843,-1.7388453206503787,1534.0,1431.4516327784243
426,-1.7388453206503787,-1.728842610135474,1524.0,1464.18808627459
427,-1.728842610135474,-1.7188398996205683,1597.0,1497.6585380293125
428,-1.7188398996205683,-1.7088371891056635,1584.0,1531.8787543329713
429,-1.7088371891056635,-1.6988344785907579,1531.0,1566.8648072487952
430,-1.6988344785907579,-1.6888317680758531,1526.0,1602.6330789294675
431,-1.6888317680758531,-1.6788290575609475,1675.0,1639.2002659162047
432,-1.6788290575609475,-1.6688263470460427,1666.0,1676.5833833984934
433,-1.6688263470460427,-1.658823636531137,1721.0,1714.7997694430555
434,-1.658823636531137,-1.6488209260162323,1785.0,1753.867089176461
435,-1.6488209260162323,-1.6388182155013267,1878.0,1793.8033389174939
436,-1.6388182155013267,-1.628815504986422,1859.0,1834.6268502475846
437,-1.628815504986422,-1.6188127944715163,1860.0,1876.3562940232052
438,-1.6188127944715163,-1.6088100839566115,1926.0,1919.0106843014023
439,-1.6088100839566115,-1.5988073734417059,1982.0,1962.6093821944378
440,-1.5988073734417059,-1.5888046629268011,2120.0,2007.1720996180936
441,-1.5888046629268011,-1.5788019524118955,2165.0,2052.7189029480487
442,-1.5788019524118955,-1.5687992418969907,2146.0,2099.27021655473
443,-1.5687992418969907,-1.558796531382085,2254.0,2146.8468262189676
444,-1.558796531382085,-1.5487938208671803,2241.0,2195.469882407041
445,-1.5487938208671803,-1.5387911103522747,2327.0,2245.1609033988716
446,-1.5387911103522747,-1.52878839983737,2334.0,2295.9417782580776
447,-1.52878839983737,-1.5187856893224643,2401.0,2347.8347696209003
448,-1.5187856893224643,-1.5087829788075586,2419.0,2400.8625163005036
449,-1.5087829788075586,-1.4987802682926539,2519.0,2455.0480356887224
450,-1.4987802682926539,-1.4887775577777482,2584.0,2510.414725933453
451,-1.4887775577777482,-1.4787748472628435,2629.0,2566.9863678842808
452,-1.4787748472628435,-1.4687721367479378,2727.0,2624.787126782196
453,-1.4687721367479378,-1.458769426233033,2850.0,2683.8415536824937
454,-1.458769426233033,-1.4487667157181274,2863.0,2744.1745865824187
455,-1.4487667157181274,-1.4387640052032227,2955.0,2805.8115512418735
456,-1.4387640052032227,-1.428761294688317,2947.0,2868.7781616761577
457,-1.428761294688317,-1.4187585841734123,3059.0,2933.100520289567
458,-1.4187585841734123,-1.4087558736585066,3117.0,2998.805117643637
459,-1.4087558736585066,-1.3987531631436019,3039.0,3065.918831819503
460,-1.3987531631436019,-1.3887504526286962,3203.0,3134.468927360367
461,-1.3887504526286962,-1.3787477421137915,3267.0,3204.4830537652456
462,-1.3787477421137915,-1.3687450315988858,3295.0,3275.989243507504
463,-1.3687450315988858,-1.358742321083981,3353.0,3349.0159095458553
464,-1.358742321083981,-1.3487396105690754,3528.0,3423.5918423087355
465,-1.3487396105690754,-1.3387369000541707,3628.0,3499.7462061068686
466,-1.3387369000541707,-1.328734189539265,3579.0,3577.508534958055
467,-1.328734189539265,-1.3187314790243603,3858.0,3656.908727777438
468,-1.3187314790243603,-1.3087287685094546,3915.0,3737.9770429079354
469,-1.3087287685094546,-1.2987260579945499,3935.0,3820.744091947202
470,-1.2987260579945499,-1.2887233474796442,3969.0,3905.2408328473703
471,-1.2887233474796442,-1.2787206369647395,4041.0,3991.498562224856
472,-1.2787206369647395,-1.2687179264498338,4146.0,4079.548906870874
473,-1.2687179264498338,-1.258715215934929,4261.0,4169.4238143878865
474,-1.258715215934929,-1.2487125054200234,4452.0,4261.155542942631
475,-1.2487125054200234,-1.2387097949051187,4449.0,4354.776650054315
476,-1.2387097949051187,-1.228707084390213,4628.0,4450.31998040747
477,-1.228707084390213,-1.2187043738753083,4456.0,4547.818652608439
478,-1.2187043738753083,-1.2087016633604026,4916.0,4647.306044865242
479,-1.2087016633604026,-1.198698952845497,4869.0,4748.81577950708
480,-1.198698952845497,-1.1886962423305922,4967.0,4852.381706323992
481,-1.1886962423305922,-1.1786935318156866,5064.0,4958.037884644104
482,-1.1786935318156866,-1.1686908213007818,5150.0,5065.818564098978
483,-1.1686908213007818,-1.1586881107858762,5323.0,5175.758164031508
484,-1.1586881107858762,-1.1486854002709714,5437.0,5287.891251459889
485,-1.1486854002709714,-1.1386826897560658,5509.0,5402.252517561804
486,-1.1386826897560658,-1.128679979241161,5743.0,5518.87675258966
487,-1.128679979241161,-1.1186772687262554,5936.0,5637.798819172439
488,-1.1186772687262554,-1.1086745582113506,5770.0,5759.053623913039
489,-1.1086745582113506,-1.098671847696445,5958.0,5882.676087235913
490,-1.098671847696445,-1.0886691371815402,6093.0,6008.701111386454
491,-1.0886691371815402,-1.0786664266666346,6324.0,6137.163546531109
492,-1.0786664266666346,-1.0686637161517298,6512.0,6268.0981548604495
493,-1.0686637161517298,-1.0586610056368242,6535.0,6401.53957264806
494,-1.0586610056368242,-1.0486582951219194,6673.0,6537.522270138278
495,-1.0486582951219194,-1.0386555846070138,6921.0,6676.080509242131
496,-1.0386555846070138,-1.028652874092109,6931.0,6817.248298896173
497,-1.028652874092109,-1.0186501635772034,7058.0,6961.059348054646
498,-1.0186501635772034,-1.0086474530622986,7268.0,7107.547016186388
499,-1.0086474530622986,-0.998644742547393,7354.0,7256.744261218483
500,-0.998644742547393,-0.9886420320324882,7574.0,7408.683584820687
501,-0.9886420320324882,-0.9786393215175826,7624.0,7563.3969749515645
502,-0.9786393215175826,-0.9686366110026778,8038.0,7720.915845565443
503,-0.9686366110026778,-0.9586339004877722,8040.0,7881.270973403079
504,-0.9586339004877722,-0.9486311899728674,8276.0,8044.492431751108
505,-0.9486311899728674,-0.9386284794579618,8540.0,8210.609521114593
506,-0.9386284794579618,-0.928625768943057,8367.0,8379.650696655432
507,-0.928625768943057,-0.9186230584281514,8616.0,8551.643492370116
508,-0.9186230584281514,-0.9086203479132466,9017.0,8726.614441847967
509,-0.9086203479132466,-0.898617637398341,9072.0,8904.588995573567
510,-0.898617637398341,-0.8886149268834362,9225.0,9085.591434637481
511,-0.8886149268834362,-0.8786122163685306,9679.0,9269.64478080736
512,-0.8786122163685306,-0.868609505853625,9682.0,9456.770702824622
513,-0.868609505853625,-0.8586067953387202,9974.0,9646.989418884685
514,-0.8586067953387202,-0.8486040848238146,10120.0,9840.319595193598
515,-0.8486040848238146,-0.8386013743089098,10300.0,10036.77824050528
516,-0.8386013743089098,-0.8285986637940042,10505.0,10236.380596611689
517,-0.8285986637940042,-0.8185959532790994,10564.0,10439.140024646478
518,-0.8185959532790994,-0.8085932427641938,10878.0,10645.067887195535
519,-0.8085932427641938,-0.798590532249289,11056.0,10854.173426096748
520,-0.798590532249289,-0.7885878217343834,11271.0,11066.463635921999
521,-0.7885878217343834,-0.7785851112194786,11446.0,11281.943133030374
522,-0.7785851112194786,-0.768582400704573,11794.0,11500.614020222574
523,-0.768582400704573,-0.7585796901896682,11926.0,11722.47574687579
524,-0.7585796901896682,-0.7485769796747626,12275.0,11947.524964615504
525,-0.7485769796747626,-0.7385742691598578,12444.0,12175.755378433083
526,-0.7385742691598578,-0.7285715586449522,12451.0,12407.157593307991
527,-0.7285715586449522,-0.7185688481300474,12943.0,12641.718956282391
528,-0.7185688481300474,-0.7085661376151418,13092.0,12879.423394058686
529,-0.7085661376151418,-0.698563427100237,13373.0,13120.251246105141
530,-0.698563427100237,-0.6885607165853314,13819.0,13364.179093367808
531,-0.6885607165853314,-0.6785580060704266,13946.0,13611.17958260155
532,-0.6785580060704266,-0.668555295555521,14036.0,13861.221246454974
533,-0.668555295555521,-0.6585525850406162,14280.0,14114.268319362225
534,-0.6585525850406162,-0.6485498745257106,14847.0,14370.280549417332
535,-0.6485498745257106,-0.6385471640108058,15154.0,14629.213006319898
536,-0.6385471640108058,-0.6285444534959002,15199.0,14891.015885622344
537,-0.6285444534959002,-0.6185417429809954,15333.0,15155.634309412311
538,-0.6185417429809954,-0.6085390324660898,15798.0,15423.008123718857
539,-0.6085390324660898,-0.598536321951185,16024.0,15693.07169282278
540,-0.598536321951185,-0.5885336114362794,16280.0,15965.753690832154
541,-0.5885336114362794,-0.5785309009213746,16368.0,16240.976890750962
542,-0.5785309009213746,-0.568528190406469,16893.0,16518.65795149146
543,-0.568528190406469,-0.5585254798915642,17169.0,16798.707203104517
544,-0.5585254798915642,-0.5485227693766586,17643.0,17081.02843077285
545,-0.5485227693766586,-0.5385200588617529,17720.0,17365.518657914243
546,-0.5385200588617529,-0.5285173483468482,18225.0,17652.06792900582
547,-0.5285173483468482,-0.5185146378319425,18375.0,17940.55909262184
548,-0.5185146378319425,-0.5085119273170378,18597.0,18230.867585284337
549,-0.5085119273170378,-0.49850921680213206,19121.0,18522.861216829824
550,-0.49850921680213206,-0.4885065062872274,19144.0,18816.399957905815
551,-0.4885065062872274,-0.4785037957723217,19511.0,19111.33573045221
552,-0.4785037957723217,-0.4685010852574169,19538.0,19407.512201855458
553,-0.4685010852574169,-0.4584983747425113,19973.0,19704.764583766304
554,-0.4584983747425113,-0.44849566422760656,20524.0,20002.919436379405
555,-0.44849566422760656,-0.4384929537127009,20687.0,20301.7944792657
556,-0.4384929537127009,-0.42849024319779616,20973.0,20601.19840969985
557,-0.42849024319779616,-0.4184875326828905,21554.0,20900.930729693333
558,-0.4184875326828905,-0.40848482216798576,21616.0,21200.78158278062
559,-0.40848482216798576,-0.3984821116530801,22033.0,21500.531601932995
560,-0.3984821116530801,-0.38847940113817536,22171.0,21799.951769749146
561,-0.38847940113817536,-0.3784766906232697,22236.0,22098.80329244156
562,-0.3784766906232697,-0.36847398010836496,22782.0,22396.83748890265
563,-0.36847398010836496,-0.3584712695934593,23068.0,22693.795696489204
564,-0.3584712695934593,-0.34846855907855456,23405.0,22989.4091949583
565,-0.34846855907855456,-0.3384658485636489,23340.0,23283.399150307006
566,-0.3384658485636489,-0.32846313804874416,23889.0,23575.4765800841
567,-0.32846313804874416,-0.3184604275338385,24516.0,23865.342342050157
568,-0.3184604275338385,-0.30845771701893376,24372.0,24152.687147869732
569,-0.30845771701893376,-0.2984550065040281,24842.0,24437.191603829753
570,-0.2984550065040281,-0.2884522959891234,25147.0,24718.526280367943
571,-0.2884522959891234,-0.2784495854742177,25449.0,24996.351812505003
572,-0.2784495854742177,-0.26844687495931296,25372.0,25270.319033056432
573,-0.26844687495931296,-0.2584441644444074,25659.0,25540.069140791264
574,-0.2584441644444074,-0.2484414539295026,26276.0,25805.23390546228
575,-0.2484414539295026,-0.2384387434145969,26630.0,26065.435911946282
576,-0.2384387434145969,-0.22843603289969128,26593.0,26320.28884543419
577,-0.22843603289969128,-0.21843332238478652,26781.0,26569.397819904425
578,-0.21843332238478652,-0.20843061186988085,27243.0,26812.359751872777
579,-0.20843061186988085,-0.19842790135497612,27156.0,27048.763781491703
580,-0.19842790135497612,-0.18842519084007045,27347.0,27278.191743093135
581,-0.18842519084007045,-0.1784224803251657,27701.0,27500.21868702026
582,-0.1784224803251657,-0.16841976981026008,28147.0,27714.413454802267
583,-0.16841976981026008,-0.15841705929535532,28000.0,27920.339309328214
584,-0.15841705929535532,-0.1484143487804497,28327.0,28117.554621896114
585,-0.1484143487804497,-0.1384116382655449,28499.0,28305.613617569557
586,-0.1384116382655449,-0.1284089277506393,28687.0,28484.06718043119
587,-0.1284089277506393,-0.11840621723573454,29102.0,28652.46371986778
588,-0.11840621723573454,-0.10840350672082891,29059.0,28810.350099106796
589,-0.10840350672082891,-0.09840079620592412,28719.0,28957.27262672473
590,-0.09840079620592412,-0.08839808569101847,28862.0,29092.778111901884
591,-0.08839808569101847,-0.07839537517611375,29149.0,29216.414983608287
592,-0.07839537517611375,-0.06839266466120807,29417.0,29327.734473937864
593,-0.06839266466120807,-0.058389954146303304,29650.0,29426.29186513827
594,-0.058389954146303304,-0.04838724363139766,29555.0,29511.647799874972
595,-0.04838724363139766,-0.038384533116492946,29633.0,29583.36965351666
596,-0.038384533116492946,-0.028381822601587295,29779.0,29641.032967178406
597,-0.028381822601587295,-0.018379112086682504,29987.0,29684.222939436462
598,-0.018379112086682504,-0.008376401571776885,29716.0,29712.535974515795
599,-0.008376401571776885,0.0016263089431278622,29786.0,29725.58128387678
600,0.0016263089431278622,0.011629019458033482,29888.0,29722.982537937376
601,0.011629019458033482,0.021631729972938312,29595.0,29704.379563762544
602,0.021631729972938312,0.0316344404878439,29674.0,29669.430084275627
603,0.0316344404878439,0.0416371510027487,29381.0,29617.81149362563
604,0.0416371510027487,0.0516398615176543,29605.0,29549.2226629856
605,0.0516398615176543,0.06164257203255911,29241.0,29463.385770128556
606,0.06164257203255911,0.07164528254746473,29347.0,29360.048145714587
607,0.07164528254746473,0.08164799306237037,29412.0,29238.984128273292
608,0.08164799306237037,0.09165070357727513,28635.0,29099.996919429283
609,0.09165070357727513,0.10165341409218073,28827.0,28942.920430022165
610,0.10165341409218073,0.11165612460708549,28404.0,28767.62110716524
611,0.11165612460708549,0.12165883512199113,28534.0,28573.99973169793
612,0.12165883512199113,0.13166154563689592,28188.0,28361.993174610383
613,0.13166154563689592,0.14166425615180156,28150.0,28131.576100677667
614,0.14166425615180156,0.15166696666670634,27520.0,27882.76260664582
615,0.15166696666670634,0.161669677181612,27521.0,27615.60778107298
616,0.161669677181612,0.17167238769651672,27069.0,27330.209172125993
617,0.17167238769651672,0.18167509821142236,26720.0,27026.708149524144
618,0.18167509821142236,0.1916778087263271,26399.0,26705.291146154796
619,0.1916778087263271,0.2016805192412328,26079.0,26366.19076494148
620,0.2016805192412328,0.2116832297561375,25589.0,26009.686736064545
621,0.2116832297561375,0.22168594027104319,25405.0,25636.10670990318
622,0.22168594027104319,0.23168865078594794,24845.0,25245.82687081174
623,0.23168865078594794,0.24169136130085356,23986.0,24839.27235737091
624,0.24169136130085356,0.2516940718157583,24110.0,24416.917474785885
625,0.2516940718157583,0.26169678233066396,23463.0,23979.28568590356
626,0.26169678233066396,0.2716994928455687,23007.0,23526.949367705056
627,0.2716994928455687,0.28170220336047436,22331.0,23060.529321239814
628,0.28170220336047436,0.2917049138753791,22098.0,22580.69402372521
629,0.2917049138753791,0.30170762439028476,21423.0,22088.15861299792
630,0.30170762439028476,0.3117103349051895,21060.0,21583.683595652292
631,0.3117103349051895,0.32171304542009516,20474.0,21068.073272044505
632,0.32171304542009516,0.3317157559349999,19746.0,20542.17387287475
633,0.3317157559349999,0.34171846644990556,19416.0,20006.87140429229
634,0.34171846644990556,0.35172117696481026,19123.0,19463.089200383987
635,0.35172117696481026,0.36172388747971596,18134.0,18911.785184496006
636,0.36172388747971596,0.3717265979946207,17816.0,18353.94884310928
637,0.3717265979946207,0.38172930850952635,17287.0,17790.597918889518
638,0.38172930850952635,0.3917320190244311,16625.0,17222.774832096136
639,0.3917320190244311,0.40173472953933675,16041.0,16651.542842670427
640,0.40173472953933675,0.4117374400542424,15292.0,16077.98196810007
641,0.4117374400542424,0.4217401505691471,14756.0,15503.184675399561
642,0.4217401505691471,0.43174286108405274,14278.0,14928.251368474115
643,0.43174286108405274,0.4417455715989575,13845.0,14354.285695243178
644,0.4417455715989575,0.4517482821138632,12965.0,13782.389701949525
645,0.4517482821138632,0.46175099262876795,12556.0,13213.658864851177
646,0.46175099262876795,0.4717537031436736,12338.0,12649.177032406353
647,0.4717537031436736,0.48175641365857835,11451.0,12090.011313462403
648,0.48175641365857835,0.491759124173484,11099.0,11537.20694942913
649,0.491759124173484,0.5017618346883888,10299.0,10991.782210292975
650,0.5017618346883888,0.5117645452032944,9888.0,10454.723356154793
651,0.5117645452032944,0.5217672557181992,9457.0,9926.979707120485
652,0.5217672557181992,0.5317699662331048,8760.0,9409.458865361186
653,0.5317699662331048,0.5417726767480096,8340.0,8903.022133399036
654,0.5417726767480096,0.5517753872629152,7822.0,8408.480172644742
655,0.5517753872629152,0.56177809777782,7290.0,7926.588945393677
656,0.56177809777782,0.5717808082927256,6924.0,7458.045982306723
657,0.5717808082927256,0.5817835188076304,6488.0,7003.487015418835
658,0.5817835188076304,0.591786229322536,6017.0,6563.483014315564
659,0.591786229322536,0.6017889398374408,5590.0,6138.537659927937
660,0.6017889398374408,0.6117916503523464,5330.0,5729.085286777702
661,0.6117916503523464,0.6217943608672512,4870.0,5335.4893201510495
662,0.6217943608672512,0.6317970713821568,4537.0,4958.041229936408
663,0.6317970713821568,0.6417997818970615,4145.0,4596.960017483539
664,0.6417997818970615,0.6518024924119672,3765.0,4252.392246162731
665,0.6518024924119672,0.661805202926872,3469.0,3924.4126201376425
666,0.661805202926872,0.6718079134417776,3327.0,3613.025109535667
667,0.6718079134417776,0.6818106239566823,2971.0,3318.164613579229
668,0.6818106239566823,0.691813334471588,2670.0,3039.6991466344643
669,0.691813334471588,0.7018160449864927,2563.0,2777.4325254630858
670,0.7018160449864927,0.7118187555013984,2183.0,2531.107529521926
671,0.7118187555013984,0.7218214660163031,2020.0,2300.409499893048
672,0.7218214660163031,0.7318241765312088,1819.0,2084.970336624394
673,0.7318241765312088,0.7418268870461144,1680.0,1884.3728488866086
674,0.7418268870461144,0.7518295975610192,1480.0,1698.1554076527761
675,0.7518295975610192,0.7618323080759248,1376.0,1525.816846574667
676,0.7618323080759248,0.7718350185908296,1190.0,1366.8215535387978
677,0.7718350185908296,0.7818377291057352,1112.0,1220.6046930788218
678,0.7818377291057352,0.79184043962064,891.0,1086.5774984533891
679,0.79184043962064,0.8018431501355456,852.0,964.1325718572714
680,0.8018431501355456,0.8118458606504504,752.0,852.6491318838872
681,0.8118458606504504,0.821848571165356,654.0,751.4981490593293
682,0.821848571165356,0.8318512816802608,596.0,660.0473129452328
683,0.8318512816802608,0.8418539921951664,523.0,577.665777962025
684,0.8418539921951664,0.8518567027100712,437.0,503.72863960374747
685,0.8518567027100712,0.8618594132249768,380.0,437.6210980464765
686,0.8618594132249768,0.8718621237398816,353.0,378.74227214942107
687,0.8718621237398816,0.8818648342547872,243.0,326.5086334112186
688,0.8818648342547872,0.891867544769692,224.0,280.3570364032765
689,0.891867544769692,0.9018702552845976,197.0,239.7473294261297
690,0.9018702552845976,0.9118729657995024,160.0,204.16453644189724
691,0.9118729657995024,0.921875676314408,152.0,173.12060858084516
692,0.921875676314408,0.9318783868293128,129.0,146.15575052758157
693,0.9318783868293128,0.9418810973442184,95.0,122.83933372279981
694,0.9418810973442184,0.9518838078591232,80.0,102.7704144184238
695,0.9518838078591232,0.9618865183740288,70.0,85.57788008303767
696,0.9618865183740288,0.9718892288889336,55.0,70.92025235837757
697,0.9718892288889336,0.9818919394038392,37.0,58.48517864269493
698,0.9818919394038392,0.991894649918744,32.0,47.98864736129772
699,0.991894649918744,1.0018973604336496,31.0,39.17396405439391
700,1.0018973604336496,1.0119000709485544,31.0,31.810526561264684
701,1.0119000709485544,1.02190278146346,19.0,25.692437835006206
702,1.02190278146346,1.0319054919783648,14.0,20.636994329542418
703,1.0319054919783648,1.0419082024932704,20.0,16.483086533298906
704,1.0419082024932704,1.051910913008176,6.0,13.089546169613273
705,1.051910913008176,1.0619136235230808,7.0,10.333471948840163
706,1.0619136235230808,1.0719163340379865,8.0,8.10856265536339
707,1.0719163340379865,1.0819190445528912,4.0,6.323482906720607
708,1.0819190445528912,1.0919217550677969,3.0,4.900283254426446
709,1.0919217550677969,1.1019244655827016,3.0,3.772892527112879
710,1.1019244655827016,1.1119271760976073,0.0,2.8856965597170454
711,1.1119271760976073,1.121929886612512,3.0,2.1922138100530457
712,1.121929886612512,1.1319325971274177,1.0,1.6538749257730354
713,1.1319325971274177,1.1419353076423224,1.0,1.2389101639241664
714,1.1419353076423224,1.151938018157228,0.0,0.9213457390369848
715,1.151938018157228,1.1619407286721328,0.0,0.6801077231782959
716,1.1619407286721328,1.1719434391870385,0.0,0.4982300650266517
717,1.1719434391870385,1.1819461497019432,0.0,0.3621616407909332
718,1.1819461497019432,1.1919488602168489,1.0,0.2611659892907893
719,1.1919488602168489,1.2019515707317536,0.0,0.18680649575269972
720,1.2019515707317536,1.2119542812466593,0.0,0.13250924283901314
721,1.2119542812466593,1.221956991761564,0.0,0.09319550453083807
722,1.221956991761564,1.2319597022764697,0.0,0.06497587526499429
723,1.2319597022764697,1.2419624127913744,0.0,0.044898257249333294
724,1.2419624127913744,1.25196512330628,0.0,0.03074232707373055
725,1.25196512330628,1.2619678338211848,0.0,0.02085362428364634
726,1.2619678338211848,1.2719705443360905,0.0,0.014011008544916144
727,1.2719705443360905,1.2819732548509952,0.0,0.009321881975803609
728,1.2819732548509952,1.2919759653659009,0.0,0.006140238021804568
729,1.2919759653659009,1.3019786758808056,0.0,0.004003252424571324
730,1.3019786758808056,1.3119813863957113,0.0,0.002582755607772471
731,1.3119813863957113,1.321984096910616,0.0,0.0016485048204596107
732,1.321984096910616,1.3319868074255217,0.0,0.0010406992471016856
733,1.3319868074255217,1.3419895179404264,0.0,0.00064964693267277
734,1.3419895179404264,1.351992228455332,0.0,0.00040089729229952204
735,1.351992228455332,1.3619949389702377,0.0,0.0002444985244890528
736,1.3619949389702377,1.3719976494851425,0.0,0.00014732887210653581
737,1.3719976494851425,1.3820003600000481,0.0,8.76892471152313e-05
738,1.3820003600000481,1.3920030705149529,0.0,5.1537957734660673e-05
739,1.3920030705149529,1.4020057810298585,0.0,2.990219694207302e-05
740,1.4020057810298585,1.4120084915447633,0.0,1.7121574740462143e-05
741,1.4120084915447633,1.422011202059669,0.0,9.671986778586558e-06
742,1.422011202059669,1.4320139125745737,0.0,5.388682954207296e-06
743,1.4320139125745737,1.4420166230894793,0.0,2.9600900712952e-06
744,1.4420166230894793,1.452019333604384,0.0,1.6026538940056253e-06
745,1.452019333604384,1.4620220441192897,0.0,8.54950435294831e-07
746,1.4620220441192897,1.4720247546341945,0.0,4.4921988839727773e-07
747,1.4720247546341945,1.4820274651491,0.0,2.3240253150042102e-07
748,1.4820274651491,1.4920301756640049,0.0,1.1833958015606686e-07
749,1.4920301756640049,1.5020328861789105,0.0,5.9287932427992016e-08
750,1.5020328861789105,1.5120355966938153,0.0,2.9213648849779822e-08
751,1.5120355966938153,1.522038307208721,0.0,1.4152098093910764e-08
752,1.522038307208721,1.5320410177236257,0.0,6.737515891496622e-09
753,1.5320410177236257,1.5420437282385313,0.0,3.1509910240117893e-09
754,1.5420437282385313,1.552046438753436,0.0,1.4470491966354326e-09
755,1.552046438753436,1.5620491492683417,0.0,6.522654988365563e-10
756,1.5620491492683417,1.5720518597832465,0.0,2.88457910998105e-10
757,1.5720518597832465,1.582054570298152,0.0,1.2510222532693458e-10
758,1.582054570298152,1.5920572808130569,0.0,5.318330125679041e-11
759,1.5920572808130569,1.6020599913279623,0.0,2.21519420297616e-11
